{
    "columns": [
        "CO(GT)",
        "PT08.S1(CO)",
        "NMHC(GT)",
        "C6H6(GT)",
        "PT08.S2(NMHC)",
        "NOx(GT)"
    ],
    "describe": {
        "count": {
            "CO(GT)": 355.0,
            "PT08.S1(CO)": 383.0,
            "NMHC(GT)": 44.0,
            "C6H6(GT)": 383.0,
            "PT08.S2(NMHC)": 383.0,
            "NOx(GT)": 357.0
        },
        "mean": {
            "CO(GT)": 2.1382061982863383,
            "PT08.S1(CO)": 1101.06601607356,
            "NMHC(GT)": 222.64265076551976,
            "C6H6(GT)": 10.089373280312662,
            "PT08.S2(NMHC)": 939.5761208980354,
            "NOx(GT)": 243.79499679037693
        },
        "std": {
            "CO(GT)": 0.8436977264534923,
            "PT08.S1(CO)": 141.6353302963497,
            "NMHC(GT)": 114.2172518580403,
            "C6H6(GT)": 4.1203526667728365,
            "PT08.S2(NMHC)": 149.18908040889397,
            "NOx(GT)": 153.9619175416996
        },
        "min": {
            "CO(GT)": 0.1,
            "PT08.S1(CO)": 724.75,
            "NMHC(GT)": 48.625,
            "C6H6(GT)": 1.4166666666666667,
            "PT08.S2(NMHC)": 524.625,
            "NOx(GT)": 33.608695652173914
        },
        "25%": {
            "CO(GT)": 1.4978260869565219,
            "PT08.S1(CO)": 995.375,
            "NMHC(GT)": 138.35416666666666,
            "C6H6(GT)": 6.887499999999999,
            "PT08.S2(NMHC)": 830.2916666666667,
            "NOx(GT)": 127.8695652173913
        },
        "50%": {
            "CO(GT)": 2.109090909090909,
            "PT08.S1(CO)": 1095.125,
            "NMHC(GT)": 196.72916666666669,
            "C6H6(GT)": 10.108333333333333,
            "PT08.S2(NMHC)": 945.7391304347826,
            "NOx(GT)": 195.1304347826087
        },
        "75%": {
            "CO(GT)": 2.61875,
            "PT08.S1(CO)": 1199.7916666666667,
            "NMHC(GT)": 282.96875,
            "C6H6(GT)": 13.072916666666666,
            "PT08.S2(NMHC)": 1052.6041666666665,
            "NOx(GT)": 338.0869565217391
        },
        "max": {
            "CO(GT)": 5.65,
            "PT08.S1(CO)": 1513.2916666666667,
            "NMHC(GT)": 574.4666666666667,
            "C6H6(GT)": 23.84166666666667,
            "PT08.S2(NMHC)": 1355.1666666666667,
            "NOx(GT)": 847.4347826086956
        }
    },
    "missing_values": {
        "CO(GT)": 36,
        "PT08.S1(CO)": 8,
        "NMHC(GT)": 347,
        "C6H6(GT)": 8,
        "PT08.S2(NMHC)": 8,
        "NOx(GT)": 34
    },
    "n_rows": 391,
    "n_cols": 13
}