{
    "MAE": 24.479474464900086,
    "RMSE": 29.92884350685739
}