{
    "MAE": 0.6651342366610661,
    "RMSE": 0.8144157564259044
}